index,name,district,official,cov,cov_centres,bM,jM,bF,jF,adv,belt,jam_won,men_lead,women_lead,both_lead
1,Panchagarh-1,Panchagarh,BNP,17.1,18.1,45.330029595980456,0.0,45.6206656147947,0.0,0.0,False,False,BNP,BNP,BNP
5,Thakurgaon-3,Thakurgaon,BNP,21.9,23.4,48.79367267713965,40.71762870514821,47.715797552207455,44.96909964858424,4.251470943436033,False,False,BNP,BNP,BNP
6,Dinajpur-1,Dinajpur,BNP,28.4,32.8,57.56648517301895,39.46811861584845,57.10011281699122,40.82013047530289,1.3520118594544428,False,False,BNP,BNP,BNP
7,Dinajpur-2,Dinajpur,BNP,21.8,24.1,49.12063753778511,44.064303380049466,48.57008907641819,45.31357063002633,1.2492672499768602,False,False,BNP,BNP,BNP
8,Dinajpur-3,Dinajpur,BNP,48.1,49.2,47.86929163292007,49.47822565572238,49.42392246220996,48.63442344106037,-0.8438022146620128,False,False,Jamaat,BNP,Jamaat
9,Dinajpur-4,Dinajpur,BNP,23.2,26.2,53.47287483981204,44.62195642887655,54.762266905971465,44.20953365984242,-0.41242276903413,False,False,BNP,BNP,BNP
10,Dinajpur-5,Dinajpur,Other,12.8,14.2,18.11289375855997,0.0,17.97618428578857,0.0,0.0,False,False,BNP,BNP,BNP
11,Dinajpur-6,Dinajpur,BNP,29.9,35.2,49.5005381407238,49.05825373335127,49.1745907096642,49.83867388224047,0.7804201488891991,False,False,BNP,Jamaat,Jamaat
12,Nilphamari-1,Nilphamari,Jamaat,21.0,24.7,0.0,51.59989508884663,0.0,55.92871343368361,4.328818344836982,False,True,Jamaat,Jamaat,Jamaat
13,Nilphamari-2,Nilphamari,Jamaat,29.0,30.6,51.344822433630526,47.051352293669375,46.89672607761345,51.85690810264189,4.805555808972514,False,True,BNP,Jamaat,Jamaat
14,Nilphamari-3,Nilphamari,Jamaat,45.9,45.7,48.68853859626639,48.68640266564142,42.67008063248209,55.515127013004516,6.828724347363099,False,True,BNP,Jamaat,Jamaat
15,Nilphamari-4,Nilphamari,Jamaat,30.3,33.1,28.093580401738414,43.24850267032801,29.422156225197778,44.31757085434855,1.0690681840205443,False,True,Jamaat,Jamaat,Jamaat
17,Lalmonirhat-2,Lalmonirhat,BNP,20.7,24.5,44.732057258091174,42.064200469437004,42.35475153880799,46.88860531451734,4.824404845080338,False,False,BNP,Jamaat,Jamaat
18,Lalmonirhat-3,Lalmonirhat,BNP,31.8,31.9,65.75304283192419,30.248691504846853,67.75386684599866,29.21990585070612,-1.0287856541407336,False,False,BNP,BNP,BNP
19,Rangpur-1,Rangpur,Jamaat,33.8,37.4,27.169645687532004,68.19234802116608,24.58516864780064,71.7794002292886,3.5870522081225147,False,True,Jamaat,Jamaat,Jamaat
21,Rangpur-3,Rangpur,Jamaat,22.2,22.5,26.46290194296103,56.45097148051358,26.985072754641244,60.04766683391872,3.5966953534051385,False,True,Jamaat,Jamaat,Jamaat
22,Rangpur-4,Rangpur,NCP,30.4,33.1,50.83166471719434,0.0,51.26724349032732,0.0,0.0,False,False,BNP,BNP,BNP
23,Rangpur-5,Rangpur,Jamaat,20.5,23.7,42.217973231357554,51.44678138942001,39.11276781516556,56.293236617637184,4.846455228217174,False,True,Jamaat,Jamaat,Jamaat
24,Rangpur-6,Rangpur,Jamaat,30.7,33.6,50.83396307891612,47.163445967829,49.848617752751764,48.61209360233157,1.4486476345025707,False,True,BNP,BNP,BNP
26,Kurigram-2,Kurigram,NCP,16.0,16.6,42.67065715741212,0.0,39.26235587620525,0.0,0.0,False,False,BNP,BNP,BNP
29,Gaibandha-1,Gaibandha,Jamaat,14.1,14.6,17.078397523662122,53.032918626108696,13.90377515779445,56.65713945456711,3.6242208284584123,False,True,Jamaat,Jamaat,Jamaat
30,Gaibandha-2,Gaibandha,Jamaat,27.3,28.8,41.63414483057672,45.64207396394722,40.44434653995028,48.75853604808509,3.116462084137872,False,True,Jamaat,Jamaat,Jamaat
31,Gaibandha-3,Gaibandha,Jamaat,14.5,15.1,42.99244108492663,52.37883503779457,40.12388803502399,55.633179637650784,3.2543445998562106,False,True,Jamaat,Jamaat,Jamaat
32,Gaibandha-4,Gaibandha,BNP,10.4,12.7,48.214902285753745,49.8998687935916,47.34206195893253,50.990913643843456,1.0910448502518548,False,False,Jamaat,Jamaat,Jamaat
33,Gaibandha-5,Gaibandha,Jamaat,20.7,20.5,35.605118180202595,38.141993957703924,34.2230517965469,41.516565562295845,3.374571604591921,False,True,Jamaat,Jamaat,Jamaat
34,Joypurhat-1,Joypurhat,Jamaat,26.0,26.5,49.10953891192974,45.57940961210051,49.00828968112699,46.30778619742664,0.7283765853261244,False,True,BNP,BNP,BNP
36,Bogra-1,Bogura,BNP,10.4,11.1,72.17340848806366,27.08057029177719,77.05835331734612,22.206235011990408,-4.874335279786781,False,False,BNP,BNP,BNP
37,Bogra-2,Bogura,BNP,13.5,15.8,54.96913580246913,42.95679012345679,60.45256638253511,37.95302630772061,-5.003763815736178,False,False,BNP,BNP,BNP
39,Bogra-4,Bogura,BNP,23.0,24.6,55.72373696872494,42.612269446672016,58.06099518459069,40.947030497592294,-1.665238949079722,False,False,BNP,BNP,BNP
40,Bogra-5,Bogura,BNP,15.2,14.9,61.12934996717006,35.646749835850294,64.63451931899276,32.952730485608456,-2.694019350241838,False,False,BNP,BNP,BNP
41,Bogra-6,Bogura,BNP,49.2,49.3,67.83301387925995,30.707013036444952,70.18162029793892,28.917760696551255,-1.7892523398936966,False,False,BNP,BNP,BNP
42,Bogra-7,Bogura,BNP,10.4,12.7,75.07367767954088,24.14042707202316,79.53402171035214,20.08472332539052,-4.055703746632641,False,False,BNP,BNP,BNP
44,Chapai Nawabganj-2,Chapainababganj,Jamaat,21.9,22.8,45.62600673597891,49.146287889881386,43.07955565529623,52.81081687612208,3.664528986240697,False,True,Jamaat,Jamaat,Jamaat
45,Chapai Nawabganj-3,Chapainababganj,Jamaat,30.9,31.4,41.629595482309554,57.692750950789446,35.04284698574262,64.49313325599671,6.800382305207265,False,True,Jamaat,Jamaat,Jamaat
46,Naogaon-1,Naogaon,BNP,32.5,32.5,48.126403920767814,42.299707303791436,49.91935483870968,42.272401433691755,-0.02730587009968133,False,False,BNP,BNP,BNP
47,Naogaon-2,Naogaon,Jamaat,34.8,38.7,46.13571413671541,52.90264711404076,48.73775751435326,50.4580378250591,-2.4446092889816597,False,True,Jamaat,Jamaat,Jamaat
48,Naogaon-3,Naogaon,BNP,17.2,19.7,51.92035258932788,38.796631512671176,54.45401738723636,38.251920003118784,-0.5447115095523927,False,False,BNP,BNP,BNP
49,Naogaon-4,Naogaon,BNP,41.6,44.4,55.36346338768746,42.334840518035065,57.07277694982613,41.57766186454711,-0.757178653487955,False,False,BNP,BNP,BNP
50,Naogaon-5,Naogaon,BNP,40.7,42.4,50.8425077737625,45.74123875955963,55.74995824285953,41.596375480207115,-4.1448632793525135,False,False,BNP,BNP,BNP
51,Naogaon-6,Naogaon,BNP,52.2,55.7,44.78990865593737,42.81165724227925,48.29515942563209,43.084295360487914,0.27263811820866124,False,False,BNP,BNP,BNP
52,Rajshahi-1,Rajshahi,Jamaat,22.4,25.2,49.31728585228311,50.04307756572592,48.384433019898246,51.0881436296316,1.0450660639056792,False,True,Jamaat,Jamaat,Jamaat
53,Rajshahi-2,Rajshahi,BNP,56.1,57.4,54.355144763420455,44.526228805778295,55.28048036476897,43.629387021160454,-0.8968417846178411,False,False,BNP,BNP,BNP
54,Rajshahi-3,Rajshahi,BNP,18.5,21.4,54.16128374243557,43.95525940028558,54.97483824586628,43.824586628324944,-0.13067277196063287,False,False,BNP,BNP,BNP
55,Rajshahi-4,Rajshahi,Jamaat,54.5,55.7,47.64489609139539,51.02961829170151,47.52535321140678,51.67027823524313,0.6406599435416211,False,True,Jamaat,Jamaat,Jamaat
57,Rajshahi-6,Rajshahi,BNP,20.2,21.8,58.4238262535931,38.97317151069946,57.82326963556069,40.88489000784184,1.911718497142381,False,False,BNP,BNP,BNP
58,Natore-1,Natore,BNP,46.1,49.6,38.89447717583944,30.67809870511408,38.59446814819696,34.39203993212856,3.7139412270144803,False,False,BNP,BNP,BNP
59,Natore-2,Natore,BNP,33.1,35.9,55.23074671183322,42.47119586809694,53.623219358007816,44.55075497084766,2.0795591027507214,False,False,BNP,BNP,BNP
61,Natore-4,Natore,BNP,27.5,31.1,53.039964496765,43.7997804405204,52.488307950593594,45.609785345964745,1.8100049054443446,False,False,BNP,BNP,BNP
63,Sirajganj-2,Sirajganj,BNP,17.8,17.3,55.67412344453504,42.86879143475024,57.48743718592965,41.51498231900242,-1.353809115747822,False,False,BNP,BNP,BNP
64,Sirajganj-3,Sirajganj,BNP,15.1,15.8,60.143381411624134,0.0,63.615120988680026,0.0,0.0,False,False,BNP,BNP,BNP
65,Sirajganj-4,Sirajganj,BNP,12.0,12.2,52.59362530647565,46.23335416566511,54.76229553039006,44.41709065047322,-1.816263515191892,False,False,BNP,BNP,BNP
66,Sirajganj-5,Sirajganj,BNP,21.0,21.4,49.86256184716878,47.684167124793845,51.53421859039837,46.582226762002044,-1.101940362791801,False,False,BNP,BNP,BNP
67,Sirajganj-6,Sirajganj,BNP,22.9,23.8,61.93318792331535,0.0,63.401605879150786,0.0,0.0,False,False,BNP,BNP,BNP
68,Pabna-1,Pabna,Jamaat,25.8,28.7,50.14612761811983,48.91100132210702,48.49869013233022,50.53066433801303,1.6196630159060135,False,True,BNP,Jamaat,Jamaat
69,Pabna-2,Pabna,BNP,11.9,14.3,70.37943696450428,26.271280738844997,68.86467183844354,29.03583302548947,2.7645522866444736,False,False,BNP,BNP,BNP
70,Pabna-3,Pabna,Jamaat,21.1,22.7,42.52800618067435,38.81408310799625,43.44479191724802,41.54438296848689,2.7302998604906463,False,True,BNP,BNP,BNP
71,Pabna-4,Pabna,Jamaat,27.9,31.0,46.131771732536976,38.693948019224486,44.99032382918333,43.777577086827506,5.08362906760302,False,True,BNP,BNP,BNP
72,Pabna-5,Pabna,BNP,45.4,44.2,54.43460498947552,43.667252051962286,49.10134461480423,49.422004257497775,5.754752205535489,False,False,BNP,Jamaat,BNP
73,Meherpur-1,Meherpur,Jamaat,19.2,19.5,50.38863310064855,48.37863260557453,45.460082458770614,53.64973763118441,5.271105025609877,True,True,BNP,Jamaat,Jamaat
74,Meherpur-2,Meherpur,Jamaat,19.4,22.2,49.22382336569979,49.817552105881624,44.29442508710802,54.81816202090592,5.000609915024299,True,True,Jamaat,Jamaat,Jamaat
75,Kushtia-1,Kushtia,BNP,13.8,14.8,65.81627184049738,27.56994318790867,61.812076717318305,32.838199305674124,5.268256117765453,True,False,BNP,BNP,BNP
76,Kushtia-2,Kushtia,Jamaat,16.1,17.6,41.98966408268734,55.992552059583524,36.19241345538102,62.22171996835801,6.229167908774485,True,True,Jamaat,Jamaat,Jamaat
77,Kushtia-3,Kushtia,Jamaat,36.9,36.6,44.713949628873124,53.35108420111976,40.15950988998674,58.335045480864416,4.983961279744655,True,True,Jamaat,Jamaat,Jamaat
78,Kushtia-4,Kushtia,Jamaat,12.5,13.2,43.603050201228555,53.08197415801737,39.28790327074163,58.21585780353262,5.133883645515255,True,True,Jamaat,Jamaat,Jamaat
81,Jhenaidah-1,Jhenaidah,BNP,15.8,18.8,74.9498997995992,24.02700137116338,70.75920679886686,28.47025495750708,4.443253586343701,True,False,BNP,BNP,BNP
82,Jhenaidah-2,Jhenaidah,Jamaat,17.3,18.4,47.11447492904446,50.54317685055296,42.302204928664075,55.91115434500649,5.367977494453527,True,True,Jamaat,Jamaat,Jamaat
83,Jhenaidah-3,Jhenaidah,Jamaat,22.0,24.1,45.54868978143952,52.92367547774345,37.88045161471971,61.066531520117124,8.142856042373673,True,True,Jamaat,Jamaat,Jamaat
84,Jhenaidah-4,Jhenaidah,Jamaat,17.3,18.3,18.55239610260489,36.90097434877709,16.465923918498444,45.302619692863594,8.401645344086504,True,True,Jamaat,Jamaat,Jamaat
85,Jessore-1,Jashore,Jamaat,17.2,19.6,43.093470509148304,54.59753317355469,34.390243902439025,63.869179600886916,9.271646427332229,True,True,Jamaat,Jamaat,Jamaat
87,Jessore-3,Jashore,BNP,45.5,48.4,52.18073213868589,42.69474199397115,48.036393484317735,47.37280199771096,4.678060003739809,True,False,BNP,BNP,BNP
88,Jessore-4,Jashore,Jamaat,26.4,25.7,39.3073961212293,56.87997543287742,33.22043600629681,63.485665219672754,6.605689786795331,True,True,Jamaat,Jamaat,Jamaat
91,Magura-1,Magura,BNP,11.5,11.5,63.230261929944625,29.71442792260312,58.87688151292937,34.31750932715811,4.603081404554992,True,False,BNP,BNP,BNP
92,Magura-2,Magura,BNP,12.8,13.8,49.09530231512699,45.307934367273546,42.99212598425197,51.833520809898765,6.525586442625219,True,False,BNP,Jamaat,Jamaat
93,Narail-1,Narail,BNP,16.1,16.2,52.56419325175072,39.2233147060904,48.85357712958932,44.050210419387604,4.826895713297205,True,False,BNP,BNP,BNP
94,Narail-2,Narail,Jamaat,14.9,15.0,22.517826113008567,41.578285097968724,20.553148554810374,48.81001839871802,7.231733300749298,True,True,Jamaat,Jamaat,Jamaat
95,Bagerhat-1,Bagerhat,Jamaat,12.2,12.2,49.10623258342962,42.438659688710665,47.666905958363245,46.27103772832416,3.832378039613495,True,True,BNP,BNP,BNP
96,Bagerhat-2,Bagerhat,Jamaat,12.4,12.9,24.201012292118584,46.8763557483731,21.512807030721852,52.820551340794715,5.9441955924216145,True,True,Jamaat,Jamaat,Jamaat
97,Bagerhat-3,Bagerhat,BNP,15.8,17.0,51.66247014009942,46.51042675447091,45.46582138919515,52.673649393605295,6.163222639134382,True,False,BNP,Jamaat,Jamaat
98,Bagerhat-4,Bagerhat,Jamaat,11.0,10.3,52.63847918715175,41.404457554900034,47.45879120879121,47.84512362637363,6.4406660714735935,True,True,BNP,Jamaat,BNP
99,Khulna-1,Khulna,BNP,34.0,33.1,49.85811084728094,42.85052412115596,49.6677941531771,43.34984295723605,0.49931883608008576,True,False,BNP,BNP,BNP
100,Khulna-2,Khulna,Jamaat,77.7,77.7,47.793824303837866,48.04516077555254,45.135697563513396,51.24714587126795,3.201985095715415,True,True,Jamaat,Jamaat,Jamaat
101,Khulna-3,Khulna,BNP,59.2,62.6,51.72381333396089,42.59525098251477,51.60794456373219,43.04606675775913,0.450815775244358,True,False,BNP,BNP,BNP
102,Khulna-4,Khulna,BNP,33.7,33.3,48.214981492304695,0.0,43.82759311173408,0.0,0.0,True,False,BNP,BNP,BNP
103,Khulna-5,Khulna,BNP,35.4,37.3,48.37667988011216,50.42057430145992,45.13837241163346,54.108114455709085,3.687540154249163,True,False,Jamaat,Jamaat,Jamaat
104,Khulna-6,Khulna,Jamaat,27.3,31.2,42.45679340600904,54.59718160063813,38.00924092409241,60.00528052805281,5.408098927414677,True,True,Jamaat,Jamaat,Jamaat
106,Satkhira-2,Satkhira,Jamaat,29.4,28.9,32.84784226190476,64.15178571428571,27.68886753400355,70.30418391484329,6.152398200557585,True,True,Jamaat,Jamaat,Jamaat
107,Satkhira-3,Satkhira,Jamaat,14.0,15.8,10.007483785132214,49.69233327789789,8.792707156492266,57.392185126027506,7.699851848129619,True,True,Jamaat,Jamaat,Jamaat
110,Barguna-2,Barguna,BNP,13.9,16.4,49.05298842950844,42.92136487581988,45.6179601913285,46.77518901404104,3.8538241382211567,False,False,BNP,Jamaat,BNP
111,Patuakhali-1,Patuakhali,BNP,17.4,18.4,63.26459735185587,0.0,61.86622360381606,0.0,0.0,False,False,BNP,BNP,BNP
113,Patuakhali-3,Patuakhali,Truck,15.1,17.7,0.0,6.036482496836777,0.0,6.139438085327783,0.10295558849100583,False,False,Jamaat,Jamaat,Jamaat
115,Bhola-1,Bhola,Other,37.7,40.4,0.0,34.89238796235908,0.0,37.73043075497916,2.8380427926200795,False,False,Jamaat,Jamaat,Jamaat
116,Bhola-2,Bhola,BNP,34.1,39.1,53.25617207292236,45.951517559982115,51.9735645425332,46.18019765961317,0.22868009963105607,False,False,BNP,BNP,BNP
117,Bhola-3,Bhola,BNP,11.3,13.4,70.1336250683754,0.0,70.86038218890006,0.0,0.0,False,False,BNP,BNP,BNP
118,Bhola-4,Bhola,BNP,11.8,14.3,63.37302864499517,26.965990773522154,62.22768116878919,27.661775163229684,0.69578438970753,False,False,BNP,BNP,BNP
119,Barisal-1,Barishal,BNP,23.8,26.4,45.026539507185085,20.93816079057524,46.33675804208354,23.778545470860067,2.840384680284828,False,False,BNP,BNP,BNP
123,Barisal-5,Barishal,BNP,35.4,37.5,54.51891795534561,0.0,54.714666666666666,0.0,0.0,False,False,BNP,BNP,BNP
124,Barisal-6,Barishal,BNP,13.7,14.2,42.67231239708304,35.99153140437544,41.337623086672515,34.961489714341425,-1.0300416900340181,False,False,BNP,BNP,BNP
126,Jhalokati-2,Jhalokati,BNP,25.4,28.6,50.67478545739415,37.079371861980555,49.41062879671722,37.7680331496158,0.6886612876352487,False,False,BNP,BNP,BNP
127,Pirojpur-1,Pirojpur,Jamaat,17.8,20.4,53.99517982944012,46.00482017055988,49.94979919678715,50.05020080321285,4.0453806326529715,False,True,BNP,Jamaat,BNP
130,Tangail-1,Tangail,BNP,12.4,14.9,53.781784808076445,34.33569076283539,55.38451752433051,33.24216016792825,-1.0935305949071434,False,False,BNP,BNP,BNP
131,Tangail-2,Tangail,BNP,15.1,15.9,76.38263108382434,20.834777442194387,74.42988569835516,23.40674658488988,2.571969142695494,False,False,BNP,BNP,BNP
132,Tangail-3,Tangail,Other,18.9,21.3,33.161221401228524,0.0,35.97166761741776,0.0,0.0,False,False,BNP,BNP,BNP
134,Tangail-5,Tangail,BNP,20.3,18.5,47.77530988034678,29.71268897327506,50.88456349971093,30.35652341491617,0.6438344416411077,False,False,BNP,BNP,BNP
135,Tangail-6,Tangail,BNP,17.9,18.2,55.345066244809175,30.72968162942456,57.538353024158,30.43554928584024,-0.29413234358432305,False,False,BNP,BNP,BNP
136,Tangail-7,Tangail,BNP,18.2,19.8,68.47408379417003,30.72452900927922,68.22465613856342,31.348700967906264,0.6241719586270449,False,False,BNP,BNP,BNP
140,Jamalpur-3,Jamalpur,BNP,14.9,15.6,57.05648643979962,29.068060114009327,54.018120937561555,31.691944061453615,2.6238839474442877,False,False,BNP,BNP,BNP
141,Jamalpur-4,Jamalpur,BNP,19.6,22.7,78.36052447202482,20.28325492943649,77.8871107266436,20.58282871972318,0.29957379028668996,False,False,BNP,BNP,BNP
142,Jamalpur-5,Jamalpur,BNP,22.2,23.6,60.35303557100829,37.0874565391816,63.77168921626036,33.08472277868524,-4.002733760496362,False,False,BNP,BNP,BNP
144,Sherpur-2,Sherpur,BNP,20.6,22.1,51.374650512581546,45.8488661074868,52.967400390080805,44.329896907216494,-1.5189692002703055,False,False,BNP,BNP,BNP
146,Mymensingh-1,Mymensingh,Other,10.1,11.2,37.15070696240702,0.0,38.56231390897491,0.0,0.0,False,False,BNP,BNP,BNP
149,Mymensingh-4,Mymensingh,BNP,44.3,44.1,49.99883899131566,45.335067106301956,52.45178115954489,43.85979995987734,-1.4752671464246134,False,False,BNP,BNP,BNP
151,Mymensingh-6,Mymensingh,Other,13.4,16.5,26.508205337849677,33.55720376102318,30.08808168992127,35.6535973185751,2.09639355755192,False,False,Jamaat,Jamaat,Jamaat
152,Mymensingh-7,Mymensingh,BNP,28.1,28.1,44.20395243391223,34.98731000655887,46.96840998260729,36.34267685960442,1.3553668530455454,False,False,BNP,BNP,BNP
153,Mymensingh-8,Mymensingh,BNP,25.8,28.3,56.322612638141116,0.0,62.25419664268585,0.0,0.0,False,False,BNP,BNP,BNP
154,Mymensingh-9,Mymensingh,Other,29.9,29.8,42.28352824085594,0.0,46.03989317309297,0.0,0.0,False,False,BNP,BNP,BNP
156,Mymensingh-11,Mymensingh,BNP,12.9,13.1,43.05113032923684,0.0,41.99909543193125,0.0,0.0,False,False,BNP,BNP,BNP
157,Netrokona-1,Netrakona,BNP,13.2,16.9,64.3241056464197,0.0,64.87255789882262,0.0,0.0,False,False,BNP,BNP,BNP
158,Netrokona-2,Netrakona,BNP,16.0,18.6,67.95039164490862,0.0,71.65007344540558,0.0,0.0,False,False,BNP,BNP,BNP
162,Kishoreganj-1,Kishoreganj,BNP,34.3,37.0,45.553952155443994,0.0,48.72353057589551,0.0,0.0,False,False,BNP,BNP,BNP
163,Kishoreganj-2,Kishoreganj,BNP,15.6,17.6,59.03275206244134,37.850121029491675,59.93557978196234,37.58671952428147,-0.26340150521020433,False,False,BNP,BNP,BNP
164,Kishoreganj-3,Kishoreganj,BNP,14.1,15.9,48.102367688022284,45.27042711234912,48.59390936908058,45.402885035698674,0.13245792334955553,False,False,BNP,BNP,BNP
165,Kishoreganj-4,Kishoreganj,BNP,11.8,12.0,74.18822234452394,20.07233273056058,75.5658852061439,18.45189975747777,-1.62043297308281,False,False,BNP,BNP,BNP
166,Kishoreganj-5,Kishoreganj,Other,17.5,18.5,32.17967206110132,25.711691502430167,32.11056426691084,24.88840563122353,-0.823285871206636,False,False,BNP,BNP,BNP
167,Kishoreganj-6,Kishoreganj,BNP,26.3,26.8,78.69326213287262,0.0,81.68190127970749,0.0,0.0,False,False,BNP,BNP,BNP
168,Manikganj-1,Manikganj,BNP,17.1,19.0,44.410495359584466,23.194439139899934,50.27106101024008,25.0623870579124,1.8679479180124652,False,False,BNP,BNP,BNP
169,Manikganj-2,Manikganj,BNP,17.8,18.4,61.23417032943122,0.0,61.658122679865656,0.0,0.0,False,False,BNP,BNP,BNP
170,Manikganj-3,Manikganj,BNP,22.0,23.8,58.71626804267485,0.0,63.01394873292924,0.0,0.0,False,False,BNP,BNP,BNP
171,Munshiganj-1,Munshiganj,BNP,24.1,27.1,54.980572744279755,29.762555763419197,54.3821760524877,34.90978676872608,5.147231005306882,False,False,BNP,BNP,BNP
172,Munshiganj-2,Munshiganj,BNP,27.7,26.2,60.38816533508445,0.0,60.19898493514864,0.0,0.0,False,False,BNP,BNP,BNP
173,Munshiganj-3,Munshiganj,BNP,27.2,30.8,46.752068321323726,0.0,46.062744454473346,0.0,0.0,False,False,BNP,BNP,BNP
174,Dhaka-1,Dhaka,BNP,13.9,15.2,55.59622850804215,37.96450360510261,51.82771323321054,44.1154245773118,6.150920972209192,False,False,BNP,BNP,BNP
175,Dhaka-2,Dhaka,BNP,39.5,41.1,62.4140884913441,34.44229734844712,64.3860748165384,33.19760157508502,-1.2446957733621034,False,False,BNP,BNP,BNP
176,Dhaka-3,Dhaka,BNP,68.4,70.6,49.42366672965391,45.46564530430106,51.856572058418294,44.00144667952604,-1.4641986247750225,False,False,BNP,BNP,BNP
177,Dhaka-4,Dhaka,Jamaat,83.0,83.5,46.53121424731553,46.995740692240894,46.20606100839778,47.8275301224815,0.8317894302406046,False,True,Jamaat,Jamaat,Jamaat
178,Dhaka-5,Dhaka,Jamaat,82.5,82.7,43.39640130229756,47.376287525055325,43.253003960528964,48.91588910518897,1.5396015801336418,False,True,Jamaat,Jamaat,Jamaat
179,Dhaka-6,Dhaka,BNP,68.9,70.0,56.94064818430301,41.1265130808278,57.20663111411404,40.98839313723124,-0.138119943596557,False,False,BNP,BNP,BNP
180,Dhaka-7,Dhaka,BNP,76.3,75.6,45.41870694663458,44.35534069217363,47.35051842137617,43.421717689165746,-0.9336230030078809,False,False,BNP,BNP,BNP
181,Dhaka-8,Dhaka,BNP,74.9,71.3,51.142604837493806,0.0,47.32599188576848,0.0,0.0,False,False,BNP,BNP,BNP
182,Dhaka-9,Dhaka,BNP,86.0,87.6,51.94075373945015,0.0,47.85343274089255,0.0,0.0,False,False,BNP,BNP,BNP
183,Dhaka-10,Dhaka,BNP,72.4,74.3,48.04548045480455,47.1649716497165,50.237894778062774,44.46380670804535,-2.701164941671152,False,False,BNP,BNP,BNP
184,Dhaka-11,Dhaka,NCP,89.8,90.7,47.365281799351486,0.0,47.653616800622245,0.0,0.0,False,False,BNP,BNP,BNP
185,Dhaka-12,Dhaka,Other,94.8,94.6,0.0,44.7422908533405,0.0,41.957445119288636,-2.7848457340518635,False,False,Jamaat,Jamaat,Jamaat
186,Dhaka-13,Dhaka,BNP,94.2,93.5,47.369302200991115,0.0,52.33227007620751,0.0,0.0,False,False,BNP,BNP,BNP
187,Dhaka-14,Dhaka,Jamaat,86.7,86.7,38.51595473434092,49.7813751125674,41.19670829605172,48.470718705498356,-1.3106564070690467,False,True,Jamaat,Jamaat,Jamaat
188,Dhaka-15,Dhaka,Jamaat,97.6,97.6,40.834753414553504,57.06946104738408,43.30584822110246,54.42052221713239,-2.6489388302516943,False,True,Jamaat,Jamaat,Jamaat
189,Dhaka-16,Dhaka,Jamaat,96.7,96.4,46.13882956923143,50.29120559114735,48.87686197867729,47.49752571378459,-2.793679877362763,False,True,Jamaat,BNP,Jamaat
190,Dhaka-17,Dhaka,BNP,93.2,93.5,49.33200371564396,47.72280203267581,51.53816621876513,44.82631991854312,-2.896482114132688,False,False,BNP,BNP,BNP
191,Dhaka-18,Dhaka,BNP,90.9,91.7,53.34268027335969,0.0,53.18673477052505,0.0,0.0,False,False,BNP,BNP,BNP
192,Dhaka-19,Dhaka,BNP,81.4,82.9,54.33167424078482,0.0,55.66943991766018,0.0,0.0,False,False,BNP,BNP,BNP
193,Dhaka-20,Dhaka,BNP,37.8,42.2,67.90134630614322,0.0,70.76961394769614,0.0,0.0,False,False,BNP,BNP,BNP
194,Gazipur-1,Gazipur,BNP,52.3,48.9,47.8247118358167,47.82705463405492,51.133243606998654,45.49394347240915,-2.3331111616457676,False,False,Jamaat,BNP,BNP
195,Gazipur-2,Gazipur,BNP,77.3,78.7,52.09333148845372,0.0,52.15568707962169,0.0,0.0,False,False,BNP,BNP,BNP
196,Gazipur-3,Gazipur,BNP,48.8,48.9,53.203315857374214,0.0,54.33219342260858,0.0,0.0,False,False,BNP,BNP,BNP
197,Gazipur-4,Gazipur,Jamaat,17.7,19.7,44.89417007055329,51.42963238024508,42.1271742229826,55.249500998003995,3.819868617758914,False,True,Jamaat,Jamaat,Jamaat
198,Gazipur-5,Gazipur,BNP,21.9,24.2,63.89499340712031,30.315259519718705,62.237199050525604,33.25279755849441,2.9375380387757026,False,False,BNP,BNP,BNP
199,Narsingdi-1,Narsingdi,BNP,43.2,46.5,60.016326808279054,33.80839810200854,60.871352240032884,33.84149758995628,0.03309948794774442,False,False,BNP,BNP,BNP
200,Narsingdi-2,Narsingdi,BNP,33.3,37.4,53.95619292237443,33.386843607305934,54.131635839538795,32.68876611418048,-0.698077493125453,False,False,BNP,BNP,BNP
201,Narsingdi-3,Narsingdi,BNP,25.9,27.7,54.629629629629626,2.3396567299006326,56.47873392680514,3.433658329800763,1.0940015999001305,False,False,BNP,BNP,BNP
202,Narsingdi-4,Narsingdi,BNP,19.7,21.0,69.32199694789622,25.698713756267715,71.26950727687182,24.145186743819043,-1.5535270124486722,False,False,BNP,BNP,BNP
203,Narsingdi-5,Narsingdi,BNP,12.8,13.2,54.905913978494624,0.0,55.96236318248736,0.0,0.0,False,False,BNP,BNP,BNP
204,Narayanganj-1,Narayanganj,BNP,38.0,41.9,59.881561571475736,36.68289864641796,58.19780525717467,38.7629631348166,2.0800644883986408,False,False,BNP,BNP,BNP
205,Narayanganj-2,Narayanganj,BNP,22.9,25.4,54.896888435473294,32.79530714858267,51.717719418929306,37.474203860316436,4.678896711733763,False,False,BNP,BNP,BNP
206,Narayanganj-3,Narayanganj,BNP,59.3,60.0,44.25036836935167,42.870006548788474,45.93432102136956,42.71409389863681,-0.155912650151663,False,False,BNP,BNP,BNP
207,Narayanganj-4,Narayanganj,Other,82.6,82.5,0.0,0.0,0.0,0.0,0.0,False,False,BNP,BNP,BNP
208,Narayanganj-5,Narayanganj,BNP,43.9,44.2,45.98064009767158,0.0,47.396686503410955,0.0,0.0,False,False,BNP,BNP,BNP
209,Rajbari-1,Rajbari,BNP,35.2,34.6,59.25273249837414,37.52701030062727,59.76022536195488,37.77433232153386,0.24732202090659428,False,False,BNP,BNP,BNP
210,Rajbari-2,Rajbari,BNP,15.6,17.2,66.15911961031932,0.0,66.71128784597819,0.0,0.0,False,False,BNP,BNP,BNP
213,Faridpur-3,Faridpur,BNP,16.6,16.9,56.49651429373509,41.04711551958078,55.295505949454224,42.82623660143574,1.77912108185496,False,False,BNP,BNP,BNP
214,Faridpur-4,Faridpur,BNP,10.7,11.6,46.54776005016373,27.025708911029053,46.09703913313548,29.360204292911863,2.3344953818828102,False,False,BNP,BNP,BNP
216,Gopalganj-2,Gopalganj,Other,13.6,15.9,29.89385588895693,0.0,33.45132743362832,0.0,0.0,False,False,BNP,BNP,BNP
217,Gopalganj-3,Gopalganj,BNP,24.2,27.8,44.363674673409186,0.0,49.506720045753504,0.0,0.0,False,False,BNP,BNP,BNP
219,Madaripur-2,Madaripur,Other,11.3,12.4,51.70836696260425,0.0,52.901419329921794,0.0,0.0,False,False,BNP,BNP,BNP
221,Shariatpur-1,Shariatpur,BNP,22.7,24.5,48.31668331668332,0.0,46.89996903065965,0.0,0.0,False,False,BNP,BNP,BNP
223,Shariatpur-3,Shariatpur,BNP,13.6,15.4,59.89362522161412,31.380559623834117,56.403718022538456,36.448136875873985,5.067577252039868,False,False,BNP,BNP,BNP
224,Sunamganj-1,Sunamganj,BNP,14.7,15.8,57.21264367816092,42.327586206896555,58.26601714250478,41.27150521058149,-1.0560809963150675,False,False,BNP,BNP,BNP
229,Sylhet-1,Sylhet,BNP,52.2,53.5,54.104486695717796,43.77997419480488,56.007709077122364,42.33041610059714,-1.4495580942077382,False,False,BNP,BNP,BNP
231,Sylhet-3,Sylhet,BNP,12.5,13.2,64.32233374250849,0.0,65.33655783958082,0.0,0.0,False,False,BNP,BNP,BNP
232,Sylhet-4,Sylhet,BNP,18.3,19.8,65.12685914260717,32.78040244969379,68.66862662746745,29.404661906761866,-3.375740542931922,False,False,BNP,BNP,BNP
233,Sylhet-5,Sylhet,Other,17.0,19.0,0.0,0.0,0.0,0.0,0.0,False,False,BNP,BNP,BNP
234,Sylhet-6,Sylhet,BNP,16.4,17.7,42.484353452848204,41.635727166648984,40.390690477725485,48.65579266327123,7.020065496622244,False,False,BNP,Jamaat,Jamaat
238,Moulvibazar-4,Moulvibazar,BNP,13.3,14.7,61.51924605427501,0.0,65.27461216087052,0.0,0.0,False,False,BNP,BNP,BNP
243,Brahmanbaria-1,Brahmanbaria,BNP,10.6,12.5,50.18332925934979,12.295282327059398,53.50194552529183,12.88536366357378,0.5900813365143822,False,False,BNP,BNP,BNP
244,Brahmanbaria-2,Brahmanbaria,Other,12.0,13.2,0.0,0.0,0.0,0.0,0.0,False,False,BNP,BNP,BNP
245,Brahmanbaria-3,Brahmanbaria,BNP,31.7,33.3,74.79425878878683,0.0,75.86904822142387,0.0,0.0,False,False,BNP,BNP,BNP
246,Brahmanbaria-4,Brahmanbaria,BNP,18.8,21.5,58.332935275853835,39.60353475041796,59.251484971640394,39.48908043410299,-0.11445431631496916,False,False,BNP,BNP,BNP
247,Brahmanbaria-5,Brahmanbaria,Other,26.9,24.7,34.209178774883185,0.0,34.705568087379795,0.0,0.0,False,False,BNP,BNP,BNP
248,Brahmanbaria-6,Brahmanbaria,Mathal,14.1,16.3,0.0,24.633056796426292,0.0,26.830161054172766,2.1971042577464743,False,False,Jamaat,Jamaat,Jamaat
249,Comilla-1,Cumilla,BNP,12.4,13.8,61.15738004405996,34.23781634517221,54.692025487545855,41.832400077234986,7.594583732062773,False,False,BNP,BNP,BNP
250,Comilla-2,Cumilla,BNP,19.1,20.0,37.586264009275105,22.309943134765085,41.192511405946824,25.250406418794903,2.9404632840298177,False,False,BNP,BNP,BNP
251,Comilla-3,Cumilla,BNP,12.1,13.8,61.22153730028934,36.790791294502455,60.29366401381948,38.14547473625763,1.3546834417551779,False,False,BNP,BNP,BNP
252,Comilla-4,Cumilla,NCP,17.9,19.0,0.0,0.0,0.0,0.0,0.0,False,False,BNP,BNP,BNP
253,Comilla-5,Cumilla,BNP,24.0,25.4,52.23328400376698,45.6343333781784,48.1526064132143,50.31932323536296,4.684989857184561,False,False,BNP,Jamaat,BNP
254,Comilla-6,Cumilla,BNP,51.9,53.1,62.557358836883544,33.568806453171035,60.23332583089504,37.42966464100833,3.8608581878372945,False,False,BNP,BNP,BNP
255,Comilla-7,Cumilla,Other,33.9,36.2,28.17768803634528,0.0,27.32321102207226,0.0,0.0,False,False,BNP,BNP,BNP
256,Comilla-8,Cumilla,BNP,18.1,19.0,79.26452751130223,17.124269489469622,79.05065686327512,18.61923555171109,1.4949660622414669,False,False,BNP,BNP,BNP
257,Comilla-9,Cumilla,BNP,12.1,13.4,59.85384390529085,34.884536685179775,58.42969146595973,37.543008629928366,2.658471944748591,False,False,BNP,BNP,BNP
258,Comilla-10,Cumilla,BNP,45.3,42.1,58.313107758689064,37.84006725995019,54.666666666666664,42.20074349442379,4.360676234473601,False,False,BNP,BNP,BNP
259,Comilla-11,Cumilla,Jamaat,34.5,38.7,40.85432639649507,56.9803690285618,35.55813824782777,62.54358293209364,5.563213903531839,False,True,Jamaat,Jamaat,Jamaat
260,Chandpur-1,Chandpur,BNP,29.2,32.7,64.49393697230812,32.448490323477294,64.29080299894834,33.45659327611358,1.0081029526362855,False,False,BNP,BNP,BNP
261,Chandpur-2,Chandpur,BNP,17.8,18.1,68.85289787177085,0.0,70.61313868613139,0.0,0.0,False,False,BNP,BNP,BNP
262,Chandpur-3,Chandpur,BNP,28.8,29.1,59.52786395763839,34.98565396906856,59.01811995355243,36.628770489589805,1.6431165205212466,False,False,BNP,BNP,BNP
263,Chandpur-4,Chandpur,Other,12.2,11.9,28.796666938975573,26.836042806960215,27.515400410677618,28.122489063476475,1.2864462565162604,False,False,BNP,Jamaat,BNP
264,Chandpur-5,Chandpur,BNP,30.2,31.0,65.15158876688369,0.0,66.9810121755929,0.0,0.0,False,False,BNP,BNP,BNP
265,Feni-1,Feni,BNP,30.5,33.1,59.39878601021293,36.949609788997016,58.933780385582565,38.64207879295893,1.6924690039619108,False,False,BNP,BNP,BNP
266,Feni-2,Feni,BNP,24.1,24.7,62.43259200944696,0.0,58.739771624058065,0.0,0.0,False,False,BNP,BNP,BNP
267,Feni-3,Feni,BNP,37.9,42.2,58.57012863465277,37.31645779046201,54.290053151100985,42.77264916277025,5.45619137230824,False,False,BNP,BNP,BNP
268,Noakhali-1,Noakhali,BNP,15.7,17.0,54.431331713525395,35.051486752285086,52.78871391076115,38.85061242344707,3.799125671161981,False,False,BNP,BNP,BNP
270,Noakhali-3,Noakhali,BNP,27.7,30.1,54.45914844649022,40.66063395752694,54.035015929617394,42.27632771168854,1.6156937541615974,False,False,BNP,BNP,BNP
271,Noakhali-4,Noakhali,BNP,57.5,60.6,57.63601119965539,36.88994184794314,56.513675008020535,38.564725697786336,1.6747838498431946,False,False,BNP,BNP,BNP
272,Noakhali-5,Noakhali,BNP,16.2,18.1,56.309598075037876,36.40495499509848,55.102139373158835,39.44076882213744,3.0358138270389645,False,False,BNP,BNP,BNP
273,Noakhali-6,Noakhali,NCP,46.4,51.9,39.62158656319191,0.0,32.59815950920245,0.0,0.0,False,False,BNP,BNP,BNP
275,Lakshmipur-2,Lakshmipur,BNP,15.7,17.2,55.40280715247068,40.107671601615074,50.89526723052006,45.181752744286484,5.07408114267141,False,False,BNP,BNP,BNP
276,Lakshmipur-3,Lakshmipur,BNP,25.2,27.7,54.51285116557083,42.46704627677982,48.99266549066939,48.574876984495404,6.107830707715586,False,False,BNP,BNP,BNP
277,Lakshmipur-4,Lakshmipur,BNP,14.2,14.8,45.3899157825659,33.692442305588976,48.56139867841409,34.92566079295154,1.2332184873625636,False,False,BNP,BNP,BNP
280,Chittagong-3,Chattogram,BNP,12.8,14.5,59.37543372657876,35.447605829285216,56.676905075325436,39.461752230510456,4.01414640122524,False,False,BNP,BNP,BNP
282,Chittagong-5,Chattogram,BNP,19.3,21.0,63.55706324206445,0.0,70.43228018613765,0.0,0.0,False,False,BNP,BNP,BNP
283,Chittagong-6,Chattogram,BNP,23.5,25.3,64.72077511076489,17.488680072058035,67.74233432245302,17.09940652818991,-0.38927354386812496,False,False,BNP,BNP,BNP
284,Chittagong-7,Chattogram,BNP,10.2,10.9,59.970032272936834,19.306131857999077,65.49596582819174,18.165638348362602,-1.1404935096364746,False,False,BNP,BNP,BNP
285,Chittagong-8,Chattogram,BNP,44.0,42.5,57.241607530242305,24.394234658234364,62.192310225950244,23.870797742693398,-0.5234369155409659,False,False,BNP,BNP,BNP
286,Chittagong-9,Chattogram,BNP,61.2,62.8,63.52675469075747,31.214384989576093,66.90970039807249,29.082338152105596,-2.1320468374704973,False,False,BNP,BNP,BNP
287,Chittagong-10,Chattogram,BNP,73.4,72.7,56.929127126613665,38.37736171667949,60.419995778936894,35.820243012633036,-2.5571187040464523,False,False,BNP,BNP,BNP
288,Chittagong-11,Chattogram,BNP,69.6,69.2,54.96906445017572,39.37701281520185,60.3967042002987,35.62115084492625,-3.7558619702756033,False,False,BNP,BNP,BNP
290,Chittagong-13,Chattogram,BNP,17.7,20.3,53.955210402745166,18.033230991511648,68.13897280966768,16.102719033232628,-1.9305119582790198,False,False,BNP,BNP,BNP
295,Cox's Bazar-2,Cox's Bazar,BNP,16.8,17.7,52.488732118361746,38.69292572996277,53.94930198383542,37.7234876316434,-0.9694380983193653,False,False,BNP,BNP,BNP
297,Cox's Bazar-4,Cox's Bazar,BNP,24.4,27.8,47.20550899036622,51.03119674468751,50.660234515299834,48.06155146307969,-2.969645281607825,False,False,Jamaat,BNP,Jamaat
298,Khagrachhari,Khagrachhari,BNP,13.3,13.8,57.605760576057605,27.195576700527194,61.40596745027125,26.28390596745027,-0.9116707330769245,False,False,BNP,BNP,BNP
